{  	
	"Nt": 4,  

	"R":2,
	"Mr": 20,

	"K_t": 1,
  	"K_r": 2,

	"L_t":2,
	"L_r":1,

	"sigma_DL": 0.00000000000001, 
	"sigma_UL": 0.00000000000001,
	"sigma_H": 0.0000000000000316,

 	
 	"P_T_BS":3.5,
 	"P_l_max":1,
	"alpha":0.5,

	"transmission_duration":0.0005,
	"decoding_error":0.00001,
	"Rmin_UL":512000,
	"Rmin_DL":512000,
	"W": 180000


}